formulation,seed,model,true_label,predicted_label,count
binary_0_vs_1_4,42,LogisticRegression_balanced,0,0,68
binary_0_vs_1_4,42,LogisticRegression_balanced,0,1,14
binary_0_vs_1_4,42,LogisticRegression_balanced,1,0,16
binary_0_vs_1_4,42,LogisticRegression_balanced,1,1,86
binary_0_vs_1_4,42,RandomForest_balanced,0,0,65
binary_0_vs_1_4,42,RandomForest_balanced,0,1,17
binary_0_vs_1_4,42,RandomForest_balanced,1,0,13
binary_0_vs_1_4,42,RandomForest_balanced,1,1,89
binary_0_vs_1_4,42,ExtraTrees_balanced,0,0,68
binary_0_vs_1_4,42,ExtraTrees_balanced,0,1,14
binary_0_vs_1_4,42,ExtraTrees_balanced,1,0,14
binary_0_vs_1_4,42,ExtraTrees_balanced,1,1,88
binary_0_vs_1_4,42,XGBoost_fixed,0,0,67
binary_0_vs_1_4,42,XGBoost_fixed,0,1,15
binary_0_vs_1_4,42,XGBoost_fixed,1,0,9
binary_0_vs_1_4,42,XGBoost_fixed,1,1,93
binary_0_vs_1_4,42,LightGBM_fixed,0,0,65
binary_0_vs_1_4,42,LightGBM_fixed,0,1,17
binary_0_vs_1_4,42,LightGBM_fixed,1,0,13
binary_0_vs_1_4,42,LightGBM_fixed,1,1,89
binary_0_vs_1_4,7,LogisticRegression_balanced,0,0,64
binary_0_vs_1_4,7,LogisticRegression_balanced,0,1,18
binary_0_vs_1_4,7,LogisticRegression_balanced,1,0,19
binary_0_vs_1_4,7,LogisticRegression_balanced,1,1,83
binary_0_vs_1_4,7,RandomForest_balanced,0,0,59
binary_0_vs_1_4,7,RandomForest_balanced,0,1,23
binary_0_vs_1_4,7,RandomForest_balanced,1,0,16
binary_0_vs_1_4,7,RandomForest_balanced,1,1,86
binary_0_vs_1_4,7,ExtraTrees_balanced,0,0,58
binary_0_vs_1_4,7,ExtraTrees_balanced,0,1,24
binary_0_vs_1_4,7,ExtraTrees_balanced,1,0,19
binary_0_vs_1_4,7,ExtraTrees_balanced,1,1,83
binary_0_vs_1_4,7,XGBoost_fixed,0,0,59
binary_0_vs_1_4,7,XGBoost_fixed,0,1,23
binary_0_vs_1_4,7,XGBoost_fixed,1,0,12
binary_0_vs_1_4,7,XGBoost_fixed,1,1,90
binary_0_vs_1_4,7,LightGBM_fixed,0,0,59
binary_0_vs_1_4,7,LightGBM_fixed,0,1,23
binary_0_vs_1_4,7,LightGBM_fixed,1,0,16
binary_0_vs_1_4,7,LightGBM_fixed,1,1,86
binary_0_vs_1_4,21,LogisticRegression_balanced,0,0,64
binary_0_vs_1_4,21,LogisticRegression_balanced,0,1,18
binary_0_vs_1_4,21,LogisticRegression_balanced,1,0,19
binary_0_vs_1_4,21,LogisticRegression_balanced,1,1,83
binary_0_vs_1_4,21,RandomForest_balanced,0,0,66
binary_0_vs_1_4,21,RandomForest_balanced,0,1,16
binary_0_vs_1_4,21,RandomForest_balanced,1,0,18
binary_0_vs_1_4,21,RandomForest_balanced,1,1,84
binary_0_vs_1_4,21,ExtraTrees_balanced,0,0,64
binary_0_vs_1_4,21,ExtraTrees_balanced,0,1,18
binary_0_vs_1_4,21,ExtraTrees_balanced,1,0,21
binary_0_vs_1_4,21,ExtraTrees_balanced,1,1,81
binary_0_vs_1_4,21,XGBoost_fixed,0,0,65
binary_0_vs_1_4,21,XGBoost_fixed,0,1,17
binary_0_vs_1_4,21,XGBoost_fixed,1,0,16
binary_0_vs_1_4,21,XGBoost_fixed,1,1,86
binary_0_vs_1_4,21,LightGBM_fixed,0,0,65
binary_0_vs_1_4,21,LightGBM_fixed,0,1,17
binary_0_vs_1_4,21,LightGBM_fixed,1,0,22
binary_0_vs_1_4,21,LightGBM_fixed,1,1,80
binary_0_vs_1_4,84,LogisticRegression_balanced,0,0,67
binary_0_vs_1_4,84,LogisticRegression_balanced,0,1,15
binary_0_vs_1_4,84,LogisticRegression_balanced,1,0,22
binary_0_vs_1_4,84,LogisticRegression_balanced,1,1,80
binary_0_vs_1_4,84,RandomForest_balanced,0,0,65
binary_0_vs_1_4,84,RandomForest_balanced,0,1,17
binary_0_vs_1_4,84,RandomForest_balanced,1,0,20
binary_0_vs_1_4,84,RandomForest_balanced,1,1,82
binary_0_vs_1_4,84,ExtraTrees_balanced,0,0,64
binary_0_vs_1_4,84,ExtraTrees_balanced,0,1,18
binary_0_vs_1_4,84,ExtraTrees_balanced,1,0,23
binary_0_vs_1_4,84,ExtraTrees_balanced,1,1,79
binary_0_vs_1_4,84,XGBoost_fixed,0,0,63
binary_0_vs_1_4,84,XGBoost_fixed,0,1,19
binary_0_vs_1_4,84,XGBoost_fixed,1,0,24
binary_0_vs_1_4,84,XGBoost_fixed,1,1,78
binary_0_vs_1_4,84,LightGBM_fixed,0,0,61
binary_0_vs_1_4,84,LightGBM_fixed,0,1,21
binary_0_vs_1_4,84,LightGBM_fixed,1,0,31
binary_0_vs_1_4,84,LightGBM_fixed,1,1,71
binary_0_vs_1_4,123,LogisticRegression_balanced,0,0,67
binary_0_vs_1_4,123,LogisticRegression_balanced,0,1,15
binary_0_vs_1_4,123,LogisticRegression_balanced,1,0,15
binary_0_vs_1_4,123,LogisticRegression_balanced,1,1,87
binary_0_vs_1_4,123,RandomForest_balanced,0,0,66
binary_0_vs_1_4,123,RandomForest_balanced,0,1,16
binary_0_vs_1_4,123,RandomForest_balanced,1,0,17
binary_0_vs_1_4,123,RandomForest_balanced,1,1,85
binary_0_vs_1_4,123,ExtraTrees_balanced,0,0,68
binary_0_vs_1_4,123,ExtraTrees_balanced,0,1,14
binary_0_vs_1_4,123,ExtraTrees_balanced,1,0,18
binary_0_vs_1_4,123,ExtraTrees_balanced,1,1,84
binary_0_vs_1_4,123,XGBoost_fixed,0,0,67
binary_0_vs_1_4,123,XGBoost_fixed,0,1,15
binary_0_vs_1_4,123,XGBoost_fixed,1,0,17
binary_0_vs_1_4,123,XGBoost_fixed,1,1,85
binary_0_vs_1_4,123,LightGBM_fixed,0,0,64
binary_0_vs_1_4,123,LightGBM_fixed,0,1,18
binary_0_vs_1_4,123,LightGBM_fixed,1,0,16
binary_0_vs_1_4,123,LightGBM_fixed,1,1,86
ordinal_3class_0_vs_1_2_vs_3_4,42,LogisticRegression_balanced,0,0,69
ordinal_3class_0_vs_1_2_vs_3_4,42,LogisticRegression_balanced,0,1,7
ordinal_3class_0_vs_1_2_vs_3_4,42,LogisticRegression_balanced,0,2,6
ordinal_3class_0_vs_1_2_vs_3_4,42,LogisticRegression_balanced,1,0,19
ordinal_3class_0_vs_1_2_vs_3_4,42,LogisticRegression_balanced,1,1,36
ordinal_3class_0_vs_1_2_vs_3_4,42,LogisticRegression_balanced,1,2,20
ordinal_3class_0_vs_1_2_vs_3_4,42,LogisticRegression_balanced,2,0,3
ordinal_3class_0_vs_1_2_vs_3_4,42,LogisticRegression_balanced,2,1,10
ordinal_3class_0_vs_1_2_vs_3_4,42,LogisticRegression_balanced,2,2,14
ordinal_3class_0_vs_1_2_vs_3_4,42,RandomForest_balanced,0,0,66
ordinal_3class_0_vs_1_2_vs_3_4,42,RandomForest_balanced,0,1,15
ordinal_3class_0_vs_1_2_vs_3_4,42,RandomForest_balanced,0,2,1
ordinal_3class_0_vs_1_2_vs_3_4,42,RandomForest_balanced,1,0,13
ordinal_3class_0_vs_1_2_vs_3_4,42,RandomForest_balanced,1,1,51
ordinal_3class_0_vs_1_2_vs_3_4,42,RandomForest_balanced,1,2,11
ordinal_3class_0_vs_1_2_vs_3_4,42,RandomForest_balanced,2,0,2
ordinal_3class_0_vs_1_2_vs_3_4,42,RandomForest_balanced,2,1,18
ordinal_3class_0_vs_1_2_vs_3_4,42,RandomForest_balanced,2,2,7
ordinal_3class_0_vs_1_2_vs_3_4,42,ExtraTrees_balanced,0,0,70
ordinal_3class_0_vs_1_2_vs_3_4,42,ExtraTrees_balanced,0,1,8
ordinal_3class_0_vs_1_2_vs_3_4,42,ExtraTrees_balanced,0,2,4
ordinal_3class_0_vs_1_2_vs_3_4,42,ExtraTrees_balanced,1,0,18
ordinal_3class_0_vs_1_2_vs_3_4,42,ExtraTrees_balanced,1,1,42
ordinal_3class_0_vs_1_2_vs_3_4,42,ExtraTrees_balanced,1,2,15
ordinal_3class_0_vs_1_2_vs_3_4,42,ExtraTrees_balanced,2,0,3
ordinal_3class_0_vs_1_2_vs_3_4,42,ExtraTrees_balanced,2,1,15
ordinal_3class_0_vs_1_2_vs_3_4,42,ExtraTrees_balanced,2,2,9
ordinal_3class_0_vs_1_2_vs_3_4,42,XGBoost_fixed,0,0,68
ordinal_3class_0_vs_1_2_vs_3_4,42,XGBoost_fixed,0,1,14
ordinal_3class_0_vs_1_2_vs_3_4,42,XGBoost_fixed,0,2,0
ordinal_3class_0_vs_1_2_vs_3_4,42,XGBoost_fixed,1,0,16
ordinal_3class_0_vs_1_2_vs_3_4,42,XGBoost_fixed,1,1,51
ordinal_3class_0_vs_1_2_vs_3_4,42,XGBoost_fixed,1,2,8
ordinal_3class_0_vs_1_2_vs_3_4,42,XGBoost_fixed,2,0,3
ordinal_3class_0_vs_1_2_vs_3_4,42,XGBoost_fixed,2,1,17
ordinal_3class_0_vs_1_2_vs_3_4,42,XGBoost_fixed,2,2,7
ordinal_3class_0_vs_1_2_vs_3_4,42,LightGBM_fixed,0,0,66
ordinal_3class_0_vs_1_2_vs_3_4,42,LightGBM_fixed,0,1,13
ordinal_3class_0_vs_1_2_vs_3_4,42,LightGBM_fixed,0,2,3
ordinal_3class_0_vs_1_2_vs_3_4,42,LightGBM_fixed,1,0,15
ordinal_3class_0_vs_1_2_vs_3_4,42,LightGBM_fixed,1,1,43
ordinal_3class_0_vs_1_2_vs_3_4,42,LightGBM_fixed,1,2,17
ordinal_3class_0_vs_1_2_vs_3_4,42,LightGBM_fixed,2,0,2
ordinal_3class_0_vs_1_2_vs_3_4,42,LightGBM_fixed,2,1,15
ordinal_3class_0_vs_1_2_vs_3_4,42,LightGBM_fixed,2,2,10
ordinal_3class_0_vs_1_2_vs_3_4,7,LogisticRegression_balanced,0,0,59
ordinal_3class_0_vs_1_2_vs_3_4,7,LogisticRegression_balanced,0,1,19
ordinal_3class_0_vs_1_2_vs_3_4,7,LogisticRegression_balanced,0,2,4
ordinal_3class_0_vs_1_2_vs_3_4,7,LogisticRegression_balanced,1,0,11
ordinal_3class_0_vs_1_2_vs_3_4,7,LogisticRegression_balanced,1,1,37
ordinal_3class_0_vs_1_2_vs_3_4,7,LogisticRegression_balanced,1,2,27
ordinal_3class_0_vs_1_2_vs_3_4,7,LogisticRegression_balanced,2,0,5
ordinal_3class_0_vs_1_2_vs_3_4,7,LogisticRegression_balanced,2,1,8
ordinal_3class_0_vs_1_2_vs_3_4,7,LogisticRegression_balanced,2,2,14
ordinal_3class_0_vs_1_2_vs_3_4,7,RandomForest_balanced,0,0,60
ordinal_3class_0_vs_1_2_vs_3_4,7,RandomForest_balanced,0,1,22
ordinal_3class_0_vs_1_2_vs_3_4,7,RandomForest_balanced,0,2,0
ordinal_3class_0_vs_1_2_vs_3_4,7,RandomForest_balanced,1,0,15
ordinal_3class_0_vs_1_2_vs_3_4,7,RandomForest_balanced,1,1,49
ordinal_3class_0_vs_1_2_vs_3_4,7,RandomForest_balanced,1,2,11
ordinal_3class_0_vs_1_2_vs_3_4,7,RandomForest_balanced,2,0,3
ordinal_3class_0_vs_1_2_vs_3_4,7,RandomForest_balanced,2,1,15
ordinal_3class_0_vs_1_2_vs_3_4,7,RandomForest_balanced,2,2,9
ordinal_3class_0_vs_1_2_vs_3_4,7,ExtraTrees_balanced,0,0,63
ordinal_3class_0_vs_1_2_vs_3_4,7,ExtraTrees_balanced,0,1,15
ordinal_3class_0_vs_1_2_vs_3_4,7,ExtraTrees_balanced,0,2,4
ordinal_3class_0_vs_1_2_vs_3_4,7,ExtraTrees_balanced,1,0,17
ordinal_3class_0_vs_1_2_vs_3_4,7,ExtraTrees_balanced,1,1,41
ordinal_3class_0_vs_1_2_vs_3_4,7,ExtraTrees_balanced,1,2,17
ordinal_3class_0_vs_1_2_vs_3_4,7,ExtraTrees_balanced,2,0,4
ordinal_3class_0_vs_1_2_vs_3_4,7,ExtraTrees_balanced,2,1,16
ordinal_3class_0_vs_1_2_vs_3_4,7,ExtraTrees_balanced,2,2,7
ordinal_3class_0_vs_1_2_vs_3_4,7,XGBoost_fixed,0,0,60
ordinal_3class_0_vs_1_2_vs_3_4,7,XGBoost_fixed,0,1,21
ordinal_3class_0_vs_1_2_vs_3_4,7,XGBoost_fixed,0,2,1
ordinal_3class_0_vs_1_2_vs_3_4,7,XGBoost_fixed,1,0,20
ordinal_3class_0_vs_1_2_vs_3_4,7,XGBoost_fixed,1,1,46
ordinal_3class_0_vs_1_2_vs_3_4,7,XGBoost_fixed,1,2,9
ordinal_3class_0_vs_1_2_vs_3_4,7,XGBoost_fixed,2,0,3
ordinal_3class_0_vs_1_2_vs_3_4,7,XGBoost_fixed,2,1,16
ordinal_3class_0_vs_1_2_vs_3_4,7,XGBoost_fixed,2,2,8
ordinal_3class_0_vs_1_2_vs_3_4,7,LightGBM_fixed,0,0,62
ordinal_3class_0_vs_1_2_vs_3_4,7,LightGBM_fixed,0,1,20
ordinal_3class_0_vs_1_2_vs_3_4,7,LightGBM_fixed,0,2,0
ordinal_3class_0_vs_1_2_vs_3_4,7,LightGBM_fixed,1,0,18
ordinal_3class_0_vs_1_2_vs_3_4,7,LightGBM_fixed,1,1,48
ordinal_3class_0_vs_1_2_vs_3_4,7,LightGBM_fixed,1,2,9
ordinal_3class_0_vs_1_2_vs_3_4,7,LightGBM_fixed,2,0,4
ordinal_3class_0_vs_1_2_vs_3_4,7,LightGBM_fixed,2,1,14
ordinal_3class_0_vs_1_2_vs_3_4,7,LightGBM_fixed,2,2,9
ordinal_3class_0_vs_1_2_vs_3_4,21,LogisticRegression_balanced,0,0,59
ordinal_3class_0_vs_1_2_vs_3_4,21,LogisticRegression_balanced,0,1,21
ordinal_3class_0_vs_1_2_vs_3_4,21,LogisticRegression_balanced,0,2,2
ordinal_3class_0_vs_1_2_vs_3_4,21,LogisticRegression_balanced,1,0,21
ordinal_3class_0_vs_1_2_vs_3_4,21,LogisticRegression_balanced,1,1,33
ordinal_3class_0_vs_1_2_vs_3_4,21,LogisticRegression_balanced,1,2,21
ordinal_3class_0_vs_1_2_vs_3_4,21,LogisticRegression_balanced,2,0,1
ordinal_3class_0_vs_1_2_vs_3_4,21,LogisticRegression_balanced,2,1,11
ordinal_3class_0_vs_1_2_vs_3_4,21,LogisticRegression_balanced,2,2,15
ordinal_3class_0_vs_1_2_vs_3_4,21,RandomForest_balanced,0,0,64
ordinal_3class_0_vs_1_2_vs_3_4,21,RandomForest_balanced,0,1,16
ordinal_3class_0_vs_1_2_vs_3_4,21,RandomForest_balanced,0,2,2
ordinal_3class_0_vs_1_2_vs_3_4,21,RandomForest_balanced,1,0,22
ordinal_3class_0_vs_1_2_vs_3_4,21,RandomForest_balanced,1,1,46
ordinal_3class_0_vs_1_2_vs_3_4,21,RandomForest_balanced,1,2,7
ordinal_3class_0_vs_1_2_vs_3_4,21,RandomForest_balanced,2,0,0
ordinal_3class_0_vs_1_2_vs_3_4,21,RandomForest_balanced,2,1,18
ordinal_3class_0_vs_1_2_vs_3_4,21,RandomForest_balanced,2,2,9
ordinal_3class_0_vs_1_2_vs_3_4,21,ExtraTrees_balanced,0,0,63
ordinal_3class_0_vs_1_2_vs_3_4,21,ExtraTrees_balanced,0,1,15
ordinal_3class_0_vs_1_2_vs_3_4,21,ExtraTrees_balanced,0,2,4
ordinal_3class_0_vs_1_2_vs_3_4,21,ExtraTrees_balanced,1,0,16
ordinal_3class_0_vs_1_2_vs_3_4,21,ExtraTrees_balanced,1,1,46
ordinal_3class_0_vs_1_2_vs_3_4,21,ExtraTrees_balanced,1,2,13
ordinal_3class_0_vs_1_2_vs_3_4,21,ExtraTrees_balanced,2,0,0
ordinal_3class_0_vs_1_2_vs_3_4,21,ExtraTrees_balanced,2,1,15
ordinal_3class_0_vs_1_2_vs_3_4,21,ExtraTrees_balanced,2,2,12
ordinal_3class_0_vs_1_2_vs_3_4,21,XGBoost_fixed,0,0,67
ordinal_3class_0_vs_1_2_vs_3_4,21,XGBoost_fixed,0,1,13
ordinal_3class_0_vs_1_2_vs_3_4,21,XGBoost_fixed,0,2,2
ordinal_3class_0_vs_1_2_vs_3_4,21,XGBoost_fixed,1,0,22
ordinal_3class_0_vs_1_2_vs_3_4,21,XGBoost_fixed,1,1,48
ordinal_3class_0_vs_1_2_vs_3_4,21,XGBoost_fixed,1,2,5
ordinal_3class_0_vs_1_2_vs_3_4,21,XGBoost_fixed,2,0,0
ordinal_3class_0_vs_1_2_vs_3_4,21,XGBoost_fixed,2,1,19
ordinal_3class_0_vs_1_2_vs_3_4,21,XGBoost_fixed,2,2,8
ordinal_3class_0_vs_1_2_vs_3_4,21,LightGBM_fixed,0,0,63
ordinal_3class_0_vs_1_2_vs_3_4,21,LightGBM_fixed,0,1,13
ordinal_3class_0_vs_1_2_vs_3_4,21,LightGBM_fixed,0,2,6
ordinal_3class_0_vs_1_2_vs_3_4,21,LightGBM_fixed,1,0,22
ordinal_3class_0_vs_1_2_vs_3_4,21,LightGBM_fixed,1,1,42
ordinal_3class_0_vs_1_2_vs_3_4,21,LightGBM_fixed,1,2,11
ordinal_3class_0_vs_1_2_vs_3_4,21,LightGBM_fixed,2,0,1
ordinal_3class_0_vs_1_2_vs_3_4,21,LightGBM_fixed,2,1,14
ordinal_3class_0_vs_1_2_vs_3_4,21,LightGBM_fixed,2,2,12
ordinal_3class_0_vs_1_2_vs_3_4,84,LogisticRegression_balanced,0,0,64
ordinal_3class_0_vs_1_2_vs_3_4,84,LogisticRegression_balanced,0,1,16
ordinal_3class_0_vs_1_2_vs_3_4,84,LogisticRegression_balanced,0,2,2
ordinal_3class_0_vs_1_2_vs_3_4,84,LogisticRegression_balanced,1,0,15
ordinal_3class_0_vs_1_2_vs_3_4,84,LogisticRegression_balanced,1,1,32
ordinal_3class_0_vs_1_2_vs_3_4,84,LogisticRegression_balanced,1,2,28
ordinal_3class_0_vs_1_2_vs_3_4,84,LogisticRegression_balanced,2,0,1
ordinal_3class_0_vs_1_2_vs_3_4,84,LogisticRegression_balanced,2,1,12
ordinal_3class_0_vs_1_2_vs_3_4,84,LogisticRegression_balanced,2,2,14
ordinal_3class_0_vs_1_2_vs_3_4,84,RandomForest_balanced,0,0,64
ordinal_3class_0_vs_1_2_vs_3_4,84,RandomForest_balanced,0,1,18
ordinal_3class_0_vs_1_2_vs_3_4,84,RandomForest_balanced,0,2,0
ordinal_3class_0_vs_1_2_vs_3_4,84,RandomForest_balanced,1,0,16
ordinal_3class_0_vs_1_2_vs_3_4,84,RandomForest_balanced,1,1,47
ordinal_3class_0_vs_1_2_vs_3_4,84,RandomForest_balanced,1,2,12
ordinal_3class_0_vs_1_2_vs_3_4,84,RandomForest_balanced,2,0,2
ordinal_3class_0_vs_1_2_vs_3_4,84,RandomForest_balanced,2,1,16
ordinal_3class_0_vs_1_2_vs_3_4,84,RandomForest_balanced,2,2,9
ordinal_3class_0_vs_1_2_vs_3_4,84,ExtraTrees_balanced,0,0,62
ordinal_3class_0_vs_1_2_vs_3_4,84,ExtraTrees_balanced,0,1,15
ordinal_3class_0_vs_1_2_vs_3_4,84,ExtraTrees_balanced,0,2,5
ordinal_3class_0_vs_1_2_vs_3_4,84,ExtraTrees_balanced,1,0,18
ordinal_3class_0_vs_1_2_vs_3_4,84,ExtraTrees_balanced,1,1,41
ordinal_3class_0_vs_1_2_vs_3_4,84,ExtraTrees_balanced,1,2,16
ordinal_3class_0_vs_1_2_vs_3_4,84,ExtraTrees_balanced,2,0,2
ordinal_3class_0_vs_1_2_vs_3_4,84,ExtraTrees_balanced,2,1,16
ordinal_3class_0_vs_1_2_vs_3_4,84,ExtraTrees_balanced,2,2,9
ordinal_3class_0_vs_1_2_vs_3_4,84,XGBoost_fixed,0,0,64
ordinal_3class_0_vs_1_2_vs_3_4,84,XGBoost_fixed,0,1,17
ordinal_3class_0_vs_1_2_vs_3_4,84,XGBoost_fixed,0,2,1
ordinal_3class_0_vs_1_2_vs_3_4,84,XGBoost_fixed,1,0,16
ordinal_3class_0_vs_1_2_vs_3_4,84,XGBoost_fixed,1,1,56
ordinal_3class_0_vs_1_2_vs_3_4,84,XGBoost_fixed,1,2,3
ordinal_3class_0_vs_1_2_vs_3_4,84,XGBoost_fixed,2,0,3
ordinal_3class_0_vs_1_2_vs_3_4,84,XGBoost_fixed,2,1,18
ordinal_3class_0_vs_1_2_vs_3_4,84,XGBoost_fixed,2,2,6
ordinal_3class_0_vs_1_2_vs_3_4,84,LightGBM_fixed,0,0,63
ordinal_3class_0_vs_1_2_vs_3_4,84,LightGBM_fixed,0,1,16
ordinal_3class_0_vs_1_2_vs_3_4,84,LightGBM_fixed,0,2,3
ordinal_3class_0_vs_1_2_vs_3_4,84,LightGBM_fixed,1,0,14
ordinal_3class_0_vs_1_2_vs_3_4,84,LightGBM_fixed,1,1,50
ordinal_3class_0_vs_1_2_vs_3_4,84,LightGBM_fixed,1,2,11
ordinal_3class_0_vs_1_2_vs_3_4,84,LightGBM_fixed,2,0,1
ordinal_3class_0_vs_1_2_vs_3_4,84,LightGBM_fixed,2,1,15
ordinal_3class_0_vs_1_2_vs_3_4,84,LightGBM_fixed,2,2,11
ordinal_3class_0_vs_1_2_vs_3_4,123,LogisticRegression_balanced,0,0,65
ordinal_3class_0_vs_1_2_vs_3_4,123,LogisticRegression_balanced,0,1,13
ordinal_3class_0_vs_1_2_vs_3_4,123,LogisticRegression_balanced,0,2,4
ordinal_3class_0_vs_1_2_vs_3_4,123,LogisticRegression_balanced,1,0,14
ordinal_3class_0_vs_1_2_vs_3_4,123,LogisticRegression_balanced,1,1,30
ordinal_3class_0_vs_1_2_vs_3_4,123,LogisticRegression_balanced,1,2,31
ordinal_3class_0_vs_1_2_vs_3_4,123,LogisticRegression_balanced,2,0,1
ordinal_3class_0_vs_1_2_vs_3_4,123,LogisticRegression_balanced,2,1,7
ordinal_3class_0_vs_1_2_vs_3_4,123,LogisticRegression_balanced,2,2,19
ordinal_3class_0_vs_1_2_vs_3_4,123,RandomForest_balanced,0,0,68
ordinal_3class_0_vs_1_2_vs_3_4,123,RandomForest_balanced,0,1,13
ordinal_3class_0_vs_1_2_vs_3_4,123,RandomForest_balanced,0,2,1
ordinal_3class_0_vs_1_2_vs_3_4,123,RandomForest_balanced,1,0,21
ordinal_3class_0_vs_1_2_vs_3_4,123,RandomForest_balanced,1,1,46
ordinal_3class_0_vs_1_2_vs_3_4,123,RandomForest_balanced,1,2,8
ordinal_3class_0_vs_1_2_vs_3_4,123,RandomForest_balanced,2,0,1
ordinal_3class_0_vs_1_2_vs_3_4,123,RandomForest_balanced,2,1,16
ordinal_3class_0_vs_1_2_vs_3_4,123,RandomForest_balanced,2,2,10
ordinal_3class_0_vs_1_2_vs_3_4,123,ExtraTrees_balanced,0,0,68
ordinal_3class_0_vs_1_2_vs_3_4,123,ExtraTrees_balanced,0,1,12
ordinal_3class_0_vs_1_2_vs_3_4,123,ExtraTrees_balanced,0,2,2
ordinal_3class_0_vs_1_2_vs_3_4,123,ExtraTrees_balanced,1,0,16
ordinal_3class_0_vs_1_2_vs_3_4,123,ExtraTrees_balanced,1,1,43
ordinal_3class_0_vs_1_2_vs_3_4,123,ExtraTrees_balanced,1,2,16
ordinal_3class_0_vs_1_2_vs_3_4,123,ExtraTrees_balanced,2,0,1
ordinal_3class_0_vs_1_2_vs_3_4,123,ExtraTrees_balanced,2,1,10
ordinal_3class_0_vs_1_2_vs_3_4,123,ExtraTrees_balanced,2,2,16
ordinal_3class_0_vs_1_2_vs_3_4,123,XGBoost_fixed,0,0,64
ordinal_3class_0_vs_1_2_vs_3_4,123,XGBoost_fixed,0,1,18
ordinal_3class_0_vs_1_2_vs_3_4,123,XGBoost_fixed,0,2,0
ordinal_3class_0_vs_1_2_vs_3_4,123,XGBoost_fixed,1,0,20
ordinal_3class_0_vs_1_2_vs_3_4,123,XGBoost_fixed,1,1,50
ordinal_3class_0_vs_1_2_vs_3_4,123,XGBoost_fixed,1,2,5
ordinal_3class_0_vs_1_2_vs_3_4,123,XGBoost_fixed,2,0,1
ordinal_3class_0_vs_1_2_vs_3_4,123,XGBoost_fixed,2,1,18
ordinal_3class_0_vs_1_2_vs_3_4,123,XGBoost_fixed,2,2,8
ordinal_3class_0_vs_1_2_vs_3_4,123,LightGBM_fixed,0,0,63
ordinal_3class_0_vs_1_2_vs_3_4,123,LightGBM_fixed,0,1,15
ordinal_3class_0_vs_1_2_vs_3_4,123,LightGBM_fixed,0,2,4
ordinal_3class_0_vs_1_2_vs_3_4,123,LightGBM_fixed,1,0,17
ordinal_3class_0_vs_1_2_vs_3_4,123,LightGBM_fixed,1,1,48
ordinal_3class_0_vs_1_2_vs_3_4,123,LightGBM_fixed,1,2,10
ordinal_3class_0_vs_1_2_vs_3_4,123,LightGBM_fixed,2,0,3
ordinal_3class_0_vs_1_2_vs_3_4,123,LightGBM_fixed,2,1,14
ordinal_3class_0_vs_1_2_vs_3_4,123,LightGBM_fixed,2,2,10
multiclass_5class_0_1_2_3_4,42,LogisticRegression_balanced,0,0,61
multiclass_5class_0_1_2_3_4,42,LogisticRegression_balanced,0,1,11
multiclass_5class_0_1_2_3_4,42,LogisticRegression_balanced,0,2,4
multiclass_5class_0_1_2_3_4,42,LogisticRegression_balanced,0,3,5
multiclass_5class_0_1_2_3_4,42,LogisticRegression_balanced,0,4,1
multiclass_5class_0_1_2_3_4,42,LogisticRegression_balanced,1,0,9
multiclass_5class_0_1_2_3_4,42,LogisticRegression_balanced,1,1,18
multiclass_5class_0_1_2_3_4,42,LogisticRegression_balanced,1,2,8
multiclass_5class_0_1_2_3_4,42,LogisticRegression_balanced,1,3,12
multiclass_5class_0_1_2_3_4,42,LogisticRegression_balanced,1,4,6
multiclass_5class_0_1_2_3_4,42,LogisticRegression_balanced,2,0,0
multiclass_5class_0_1_2_3_4,42,LogisticRegression_balanced,2,1,6
multiclass_5class_0_1_2_3_4,42,LogisticRegression_balanced,2,2,3
multiclass_5class_0_1_2_3_4,42,LogisticRegression_balanced,2,3,9
multiclass_5class_0_1_2_3_4,42,LogisticRegression_balanced,2,4,4
multiclass_5class_0_1_2_3_4,42,LogisticRegression_balanced,3,0,1
multiclass_5class_0_1_2_3_4,42,LogisticRegression_balanced,3,1,8
multiclass_5class_0_1_2_3_4,42,LogisticRegression_balanced,3,2,6
multiclass_5class_0_1_2_3_4,42,LogisticRegression_balanced,3,3,3
multiclass_5class_0_1_2_3_4,42,LogisticRegression_balanced,3,4,3
multiclass_5class_0_1_2_3_4,42,LogisticRegression_balanced,4,0,0
multiclass_5class_0_1_2_3_4,42,LogisticRegression_balanced,4,1,0
multiclass_5class_0_1_2_3_4,42,LogisticRegression_balanced,4,2,0
multiclass_5class_0_1_2_3_4,42,LogisticRegression_balanced,4,3,1
multiclass_5class_0_1_2_3_4,42,LogisticRegression_balanced,4,4,5
multiclass_5class_0_1_2_3_4,42,RandomForest_balanced,0,0,69
multiclass_5class_0_1_2_3_4,42,RandomForest_balanced,0,1,8
multiclass_5class_0_1_2_3_4,42,RandomForest_balanced,0,2,4
multiclass_5class_0_1_2_3_4,42,RandomForest_balanced,0,3,0
multiclass_5class_0_1_2_3_4,42,RandomForest_balanced,0,4,1
multiclass_5class_0_1_2_3_4,42,RandomForest_balanced,1,0,10
multiclass_5class_0_1_2_3_4,42,RandomForest_balanced,1,1,29
multiclass_5class_0_1_2_3_4,42,RandomForest_balanced,1,2,4
multiclass_5class_0_1_2_3_4,42,RandomForest_balanced,1,3,8
multiclass_5class_0_1_2_3_4,42,RandomForest_balanced,1,4,2
multiclass_5class_0_1_2_3_4,42,RandomForest_balanced,2,0,1
multiclass_5class_0_1_2_3_4,42,RandomForest_balanced,2,1,6
multiclass_5class_0_1_2_3_4,42,RandomForest_balanced,2,2,6
multiclass_5class_0_1_2_3_4,42,RandomForest_balanced,2,3,9
multiclass_5class_0_1_2_3_4,42,RandomForest_balanced,2,4,0
multiclass_5class_0_1_2_3_4,42,RandomForest_balanced,3,0,3
multiclass_5class_0_1_2_3_4,42,RandomForest_balanced,3,1,9
multiclass_5class_0_1_2_3_4,42,RandomForest_balanced,3,2,2
multiclass_5class_0_1_2_3_4,42,RandomForest_balanced,3,3,6
multiclass_5class_0_1_2_3_4,42,RandomForest_balanced,3,4,1
multiclass_5class_0_1_2_3_4,42,RandomForest_balanced,4,0,0
multiclass_5class_0_1_2_3_4,42,RandomForest_balanced,4,1,0
multiclass_5class_0_1_2_3_4,42,RandomForest_balanced,4,2,2
multiclass_5class_0_1_2_3_4,42,RandomForest_balanced,4,3,3
multiclass_5class_0_1_2_3_4,42,RandomForest_balanced,4,4,1
multiclass_5class_0_1_2_3_4,42,ExtraTrees_balanced,0,0,71
multiclass_5class_0_1_2_3_4,42,ExtraTrees_balanced,0,1,6
multiclass_5class_0_1_2_3_4,42,ExtraTrees_balanced,0,2,3
multiclass_5class_0_1_2_3_4,42,ExtraTrees_balanced,0,3,1
multiclass_5class_0_1_2_3_4,42,ExtraTrees_balanced,0,4,1
multiclass_5class_0_1_2_3_4,42,ExtraTrees_balanced,1,0,10
multiclass_5class_0_1_2_3_4,42,ExtraTrees_balanced,1,1,25
multiclass_5class_0_1_2_3_4,42,ExtraTrees_balanced,1,2,7
multiclass_5class_0_1_2_3_4,42,ExtraTrees_balanced,1,3,7
multiclass_5class_0_1_2_3_4,42,ExtraTrees_balanced,1,4,4
multiclass_5class_0_1_2_3_4,42,ExtraTrees_balanced,2,0,2
multiclass_5class_0_1_2_3_4,42,ExtraTrees_balanced,2,1,5
multiclass_5class_0_1_2_3_4,42,ExtraTrees_balanced,2,2,2
multiclass_5class_0_1_2_3_4,42,ExtraTrees_balanced,2,3,12
multiclass_5class_0_1_2_3_4,42,ExtraTrees_balanced,2,4,1
multiclass_5class_0_1_2_3_4,42,ExtraTrees_balanced,3,0,2
multiclass_5class_0_1_2_3_4,42,ExtraTrees_balanced,3,1,7
multiclass_5class_0_1_2_3_4,42,ExtraTrees_balanced,3,2,5
multiclass_5class_0_1_2_3_4,42,ExtraTrees_balanced,3,3,7
multiclass_5class_0_1_2_3_4,42,ExtraTrees_balanced,3,4,0
multiclass_5class_0_1_2_3_4,42,ExtraTrees_balanced,4,0,0
multiclass_5class_0_1_2_3_4,42,ExtraTrees_balanced,4,1,0
multiclass_5class_0_1_2_3_4,42,ExtraTrees_balanced,4,2,3
multiclass_5class_0_1_2_3_4,42,ExtraTrees_balanced,4,3,3
multiclass_5class_0_1_2_3_4,42,ExtraTrees_balanced,4,4,0
multiclass_5class_0_1_2_3_4,42,XGBoost_fixed,0,0,70
multiclass_5class_0_1_2_3_4,42,XGBoost_fixed,0,1,8
multiclass_5class_0_1_2_3_4,42,XGBoost_fixed,0,2,2
multiclass_5class_0_1_2_3_4,42,XGBoost_fixed,0,3,2
multiclass_5class_0_1_2_3_4,42,XGBoost_fixed,0,4,0
multiclass_5class_0_1_2_3_4,42,XGBoost_fixed,1,0,10
multiclass_5class_0_1_2_3_4,42,XGBoost_fixed,1,1,33
multiclass_5class_0_1_2_3_4,42,XGBoost_fixed,1,2,3
multiclass_5class_0_1_2_3_4,42,XGBoost_fixed,1,3,6
multiclass_5class_0_1_2_3_4,42,XGBoost_fixed,1,4,1
multiclass_5class_0_1_2_3_4,42,XGBoost_fixed,2,0,2
multiclass_5class_0_1_2_3_4,42,XGBoost_fixed,2,1,10
multiclass_5class_0_1_2_3_4,42,XGBoost_fixed,2,2,3
multiclass_5class_0_1_2_3_4,42,XGBoost_fixed,2,3,7
multiclass_5class_0_1_2_3_4,42,XGBoost_fixed,2,4,0
multiclass_5class_0_1_2_3_4,42,XGBoost_fixed,3,0,2
multiclass_5class_0_1_2_3_4,42,XGBoost_fixed,3,1,9
multiclass_5class_0_1_2_3_4,42,XGBoost_fixed,3,2,4
multiclass_5class_0_1_2_3_4,42,XGBoost_fixed,3,3,4
multiclass_5class_0_1_2_3_4,42,XGBoost_fixed,3,4,2
multiclass_5class_0_1_2_3_4,42,XGBoost_fixed,4,0,0
multiclass_5class_0_1_2_3_4,42,XGBoost_fixed,4,1,2
multiclass_5class_0_1_2_3_4,42,XGBoost_fixed,4,2,2
multiclass_5class_0_1_2_3_4,42,XGBoost_fixed,4,3,2
multiclass_5class_0_1_2_3_4,42,XGBoost_fixed,4,4,0
multiclass_5class_0_1_2_3_4,42,LightGBM_fixed,0,0,64
multiclass_5class_0_1_2_3_4,42,LightGBM_fixed,0,1,13
multiclass_5class_0_1_2_3_4,42,LightGBM_fixed,0,2,4
multiclass_5class_0_1_2_3_4,42,LightGBM_fixed,0,3,1
multiclass_5class_0_1_2_3_4,42,LightGBM_fixed,0,4,0
multiclass_5class_0_1_2_3_4,42,LightGBM_fixed,1,0,9
multiclass_5class_0_1_2_3_4,42,LightGBM_fixed,1,1,27
multiclass_5class_0_1_2_3_4,42,LightGBM_fixed,1,2,6
multiclass_5class_0_1_2_3_4,42,LightGBM_fixed,1,3,10
multiclass_5class_0_1_2_3_4,42,LightGBM_fixed,1,4,1
multiclass_5class_0_1_2_3_4,42,LightGBM_fixed,2,0,2
multiclass_5class_0_1_2_3_4,42,LightGBM_fixed,2,1,8
multiclass_5class_0_1_2_3_4,42,LightGBM_fixed,2,2,9
multiclass_5class_0_1_2_3_4,42,LightGBM_fixed,2,3,3
multiclass_5class_0_1_2_3_4,42,LightGBM_fixed,2,4,0
multiclass_5class_0_1_2_3_4,42,LightGBM_fixed,3,0,3
multiclass_5class_0_1_2_3_4,42,LightGBM_fixed,3,1,11
multiclass_5class_0_1_2_3_4,42,LightGBM_fixed,3,2,3
multiclass_5class_0_1_2_3_4,42,LightGBM_fixed,3,3,3
multiclass_5class_0_1_2_3_4,42,LightGBM_fixed,3,4,1
multiclass_5class_0_1_2_3_4,42,LightGBM_fixed,4,0,0
multiclass_5class_0_1_2_3_4,42,LightGBM_fixed,4,1,1
multiclass_5class_0_1_2_3_4,42,LightGBM_fixed,4,2,2
multiclass_5class_0_1_2_3_4,42,LightGBM_fixed,4,3,2
multiclass_5class_0_1_2_3_4,42,LightGBM_fixed,4,4,1
multiclass_5class_0_1_2_3_4,7,LogisticRegression_balanced,0,0,59
multiclass_5class_0_1_2_3_4,7,LogisticRegression_balanced,0,1,16
multiclass_5class_0_1_2_3_4,7,LogisticRegression_balanced,0,2,3
multiclass_5class_0_1_2_3_4,7,LogisticRegression_balanced,0,3,0
multiclass_5class_0_1_2_3_4,7,LogisticRegression_balanced,0,4,4
multiclass_5class_0_1_2_3_4,7,LogisticRegression_balanced,1,0,14
multiclass_5class_0_1_2_3_4,7,LogisticRegression_balanced,1,1,21
multiclass_5class_0_1_2_3_4,7,LogisticRegression_balanced,1,2,6
multiclass_5class_0_1_2_3_4,7,LogisticRegression_balanced,1,3,6
multiclass_5class_0_1_2_3_4,7,LogisticRegression_balanced,1,4,6
multiclass_5class_0_1_2_3_4,7,LogisticRegression_balanced,2,0,1
multiclass_5class_0_1_2_3_4,7,LogisticRegression_balanced,2,1,6
multiclass_5class_0_1_2_3_4,7,LogisticRegression_balanced,2,2,4
multiclass_5class_0_1_2_3_4,7,LogisticRegression_balanced,2,3,7
multiclass_5class_0_1_2_3_4,7,LogisticRegression_balanced,2,4,4
multiclass_5class_0_1_2_3_4,7,LogisticRegression_balanced,3,0,3
multiclass_5class_0_1_2_3_4,7,LogisticRegression_balanced,3,1,3
multiclass_5class_0_1_2_3_4,7,LogisticRegression_balanced,3,2,7
multiclass_5class_0_1_2_3_4,7,LogisticRegression_balanced,3,3,6
multiclass_5class_0_1_2_3_4,7,LogisticRegression_balanced,3,4,2
multiclass_5class_0_1_2_3_4,7,LogisticRegression_balanced,4,0,0
multiclass_5class_0_1_2_3_4,7,LogisticRegression_balanced,4,1,0
multiclass_5class_0_1_2_3_4,7,LogisticRegression_balanced,4,2,0
multiclass_5class_0_1_2_3_4,7,LogisticRegression_balanced,4,3,2
multiclass_5class_0_1_2_3_4,7,LogisticRegression_balanced,4,4,4
multiclass_5class_0_1_2_3_4,7,RandomForest_balanced,0,0,64
multiclass_5class_0_1_2_3_4,7,RandomForest_balanced,0,1,17
multiclass_5class_0_1_2_3_4,7,RandomForest_balanced,0,2,1
multiclass_5class_0_1_2_3_4,7,RandomForest_balanced,0,3,0
multiclass_5class_0_1_2_3_4,7,RandomForest_balanced,0,4,0
multiclass_5class_0_1_2_3_4,7,RandomForest_balanced,1,0,13
multiclass_5class_0_1_2_3_4,7,RandomForest_balanced,1,1,27
multiclass_5class_0_1_2_3_4,7,RandomForest_balanced,1,2,7
multiclass_5class_0_1_2_3_4,7,RandomForest_balanced,1,3,6
multiclass_5class_0_1_2_3_4,7,RandomForest_balanced,1,4,0
multiclass_5class_0_1_2_3_4,7,RandomForest_balanced,2,0,2
multiclass_5class_0_1_2_3_4,7,RandomForest_balanced,2,1,6
multiclass_5class_0_1_2_3_4,7,RandomForest_balanced,2,2,7
multiclass_5class_0_1_2_3_4,7,RandomForest_balanced,2,3,7
multiclass_5class_0_1_2_3_4,7,RandomForest_balanced,2,4,0
multiclass_5class_0_1_2_3_4,7,RandomForest_balanced,3,0,4
multiclass_5class_0_1_2_3_4,7,RandomForest_balanced,3,1,8
multiclass_5class_0_1_2_3_4,7,RandomForest_balanced,3,2,4
multiclass_5class_0_1_2_3_4,7,RandomForest_balanced,3,3,4
multiclass_5class_0_1_2_3_4,7,RandomForest_balanced,3,4,1
multiclass_5class_0_1_2_3_4,7,RandomForest_balanced,4,0,0
multiclass_5class_0_1_2_3_4,7,RandomForest_balanced,4,1,0
multiclass_5class_0_1_2_3_4,7,RandomForest_balanced,4,2,1
multiclass_5class_0_1_2_3_4,7,RandomForest_balanced,4,3,4
multiclass_5class_0_1_2_3_4,7,RandomForest_balanced,4,4,1
multiclass_5class_0_1_2_3_4,7,ExtraTrees_balanced,0,0,62
multiclass_5class_0_1_2_3_4,7,ExtraTrees_balanced,0,1,16
multiclass_5class_0_1_2_3_4,7,ExtraTrees_balanced,0,2,2
multiclass_5class_0_1_2_3_4,7,ExtraTrees_balanced,0,3,1
multiclass_5class_0_1_2_3_4,7,ExtraTrees_balanced,0,4,1
multiclass_5class_0_1_2_3_4,7,ExtraTrees_balanced,1,0,14
multiclass_5class_0_1_2_3_4,7,ExtraTrees_balanced,1,1,29
multiclass_5class_0_1_2_3_4,7,ExtraTrees_balanced,1,2,5
multiclass_5class_0_1_2_3_4,7,ExtraTrees_balanced,1,3,5
multiclass_5class_0_1_2_3_4,7,ExtraTrees_balanced,1,4,0
multiclass_5class_0_1_2_3_4,7,ExtraTrees_balanced,2,0,2
multiclass_5class_0_1_2_3_4,7,ExtraTrees_balanced,2,1,6
multiclass_5class_0_1_2_3_4,7,ExtraTrees_balanced,2,2,5
multiclass_5class_0_1_2_3_4,7,ExtraTrees_balanced,2,3,9
multiclass_5class_0_1_2_3_4,7,ExtraTrees_balanced,2,4,0
multiclass_5class_0_1_2_3_4,7,ExtraTrees_balanced,3,0,4
multiclass_5class_0_1_2_3_4,7,ExtraTrees_balanced,3,1,9
multiclass_5class_0_1_2_3_4,7,ExtraTrees_balanced,3,2,3
multiclass_5class_0_1_2_3_4,7,ExtraTrees_balanced,3,3,4
multiclass_5class_0_1_2_3_4,7,ExtraTrees_balanced,3,4,1
multiclass_5class_0_1_2_3_4,7,ExtraTrees_balanced,4,0,1
multiclass_5class_0_1_2_3_4,7,ExtraTrees_balanced,4,1,0
multiclass_5class_0_1_2_3_4,7,ExtraTrees_balanced,4,2,0
multiclass_5class_0_1_2_3_4,7,ExtraTrees_balanced,4,3,3
multiclass_5class_0_1_2_3_4,7,ExtraTrees_balanced,4,4,2
multiclass_5class_0_1_2_3_4,7,XGBoost_fixed,0,0,62
multiclass_5class_0_1_2_3_4,7,XGBoost_fixed,0,1,17
multiclass_5class_0_1_2_3_4,7,XGBoost_fixed,0,2,1
multiclass_5class_0_1_2_3_4,7,XGBoost_fixed,0,3,2
multiclass_5class_0_1_2_3_4,7,XGBoost_fixed,0,4,0
multiclass_5class_0_1_2_3_4,7,XGBoost_fixed,1,0,15
multiclass_5class_0_1_2_3_4,7,XGBoost_fixed,1,1,30
multiclass_5class_0_1_2_3_4,7,XGBoost_fixed,1,2,4
multiclass_5class_0_1_2_3_4,7,XGBoost_fixed,1,3,4
multiclass_5class_0_1_2_3_4,7,XGBoost_fixed,1,4,0
multiclass_5class_0_1_2_3_4,7,XGBoost_fixed,2,0,1
multiclass_5class_0_1_2_3_4,7,XGBoost_fixed,2,1,12
multiclass_5class_0_1_2_3_4,7,XGBoost_fixed,2,2,3
multiclass_5class_0_1_2_3_4,7,XGBoost_fixed,2,3,6
multiclass_5class_0_1_2_3_4,7,XGBoost_fixed,2,4,0
multiclass_5class_0_1_2_3_4,7,XGBoost_fixed,3,0,4
multiclass_5class_0_1_2_3_4,7,XGBoost_fixed,3,1,12
multiclass_5class_0_1_2_3_4,7,XGBoost_fixed,3,2,2
multiclass_5class_0_1_2_3_4,7,XGBoost_fixed,3,3,3
multiclass_5class_0_1_2_3_4,7,XGBoost_fixed,3,4,0
multiclass_5class_0_1_2_3_4,7,XGBoost_fixed,4,0,1
multiclass_5class_0_1_2_3_4,7,XGBoost_fixed,4,1,0
multiclass_5class_0_1_2_3_4,7,XGBoost_fixed,4,2,1
multiclass_5class_0_1_2_3_4,7,XGBoost_fixed,4,3,4
multiclass_5class_0_1_2_3_4,7,XGBoost_fixed,4,4,0
multiclass_5class_0_1_2_3_4,7,LightGBM_fixed,0,0,60
multiclass_5class_0_1_2_3_4,7,LightGBM_fixed,0,1,18
multiclass_5class_0_1_2_3_4,7,LightGBM_fixed,0,2,2
multiclass_5class_0_1_2_3_4,7,LightGBM_fixed,0,3,2
multiclass_5class_0_1_2_3_4,7,LightGBM_fixed,0,4,0
multiclass_5class_0_1_2_3_4,7,LightGBM_fixed,1,0,10
multiclass_5class_0_1_2_3_4,7,LightGBM_fixed,1,1,23
multiclass_5class_0_1_2_3_4,7,LightGBM_fixed,1,2,10
multiclass_5class_0_1_2_3_4,7,LightGBM_fixed,1,3,10
multiclass_5class_0_1_2_3_4,7,LightGBM_fixed,1,4,0
multiclass_5class_0_1_2_3_4,7,LightGBM_fixed,2,0,2
multiclass_5class_0_1_2_3_4,7,LightGBM_fixed,2,1,8
multiclass_5class_0_1_2_3_4,7,LightGBM_fixed,2,2,5
multiclass_5class_0_1_2_3_4,7,LightGBM_fixed,2,3,7
multiclass_5class_0_1_2_3_4,7,LightGBM_fixed,2,4,0
multiclass_5class_0_1_2_3_4,7,LightGBM_fixed,3,0,3
multiclass_5class_0_1_2_3_4,7,LightGBM_fixed,3,1,8
multiclass_5class_0_1_2_3_4,7,LightGBM_fixed,3,2,4
multiclass_5class_0_1_2_3_4,7,LightGBM_fixed,3,3,5
multiclass_5class_0_1_2_3_4,7,LightGBM_fixed,3,4,1
multiclass_5class_0_1_2_3_4,7,LightGBM_fixed,4,0,1
multiclass_5class_0_1_2_3_4,7,LightGBM_fixed,4,1,0
multiclass_5class_0_1_2_3_4,7,LightGBM_fixed,4,2,1
multiclass_5class_0_1_2_3_4,7,LightGBM_fixed,4,3,4
multiclass_5class_0_1_2_3_4,7,LightGBM_fixed,4,4,0
multiclass_5class_0_1_2_3_4,21,LogisticRegression_balanced,0,0,58
multiclass_5class_0_1_2_3_4,21,LogisticRegression_balanced,0,1,21
multiclass_5class_0_1_2_3_4,21,LogisticRegression_balanced,0,2,3
multiclass_5class_0_1_2_3_4,21,LogisticRegression_balanced,0,3,0
multiclass_5class_0_1_2_3_4,21,LogisticRegression_balanced,0,4,0
multiclass_5class_0_1_2_3_4,21,LogisticRegression_balanced,1,0,14
multiclass_5class_0_1_2_3_4,21,LogisticRegression_balanced,1,1,17
multiclass_5class_0_1_2_3_4,21,LogisticRegression_balanced,1,2,9
multiclass_5class_0_1_2_3_4,21,LogisticRegression_balanced,1,3,7
multiclass_5class_0_1_2_3_4,21,LogisticRegression_balanced,1,4,6
multiclass_5class_0_1_2_3_4,21,LogisticRegression_balanced,2,0,0
multiclass_5class_0_1_2_3_4,21,LogisticRegression_balanced,2,1,7
multiclass_5class_0_1_2_3_4,21,LogisticRegression_balanced,2,2,3
multiclass_5class_0_1_2_3_4,21,LogisticRegression_balanced,2,3,7
multiclass_5class_0_1_2_3_4,21,LogisticRegression_balanced,2,4,5
multiclass_5class_0_1_2_3_4,21,LogisticRegression_balanced,3,0,3
multiclass_5class_0_1_2_3_4,21,LogisticRegression_balanced,3,1,2
multiclass_5class_0_1_2_3_4,21,LogisticRegression_balanced,3,2,5
multiclass_5class_0_1_2_3_4,21,LogisticRegression_balanced,3,3,6
multiclass_5class_0_1_2_3_4,21,LogisticRegression_balanced,3,4,5
multiclass_5class_0_1_2_3_4,21,LogisticRegression_balanced,4,0,0
multiclass_5class_0_1_2_3_4,21,LogisticRegression_balanced,4,1,1
multiclass_5class_0_1_2_3_4,21,LogisticRegression_balanced,4,2,2
multiclass_5class_0_1_2_3_4,21,LogisticRegression_balanced,4,3,2
multiclass_5class_0_1_2_3_4,21,LogisticRegression_balanced,4,4,1
multiclass_5class_0_1_2_3_4,21,RandomForest_balanced,0,0,64
multiclass_5class_0_1_2_3_4,21,RandomForest_balanced,0,1,15
multiclass_5class_0_1_2_3_4,21,RandomForest_balanced,0,2,1
multiclass_5class_0_1_2_3_4,21,RandomForest_balanced,0,3,2
multiclass_5class_0_1_2_3_4,21,RandomForest_balanced,0,4,0
multiclass_5class_0_1_2_3_4,21,RandomForest_balanced,1,0,19
multiclass_5class_0_1_2_3_4,21,RandomForest_balanced,1,1,26
multiclass_5class_0_1_2_3_4,21,RandomForest_balanced,1,2,6
multiclass_5class_0_1_2_3_4,21,RandomForest_balanced,1,3,2
multiclass_5class_0_1_2_3_4,21,RandomForest_balanced,1,4,0
multiclass_5class_0_1_2_3_4,21,RandomForest_balanced,2,0,1
multiclass_5class_0_1_2_3_4,21,RandomForest_balanced,2,1,12
multiclass_5class_0_1_2_3_4,21,RandomForest_balanced,2,2,5
multiclass_5class_0_1_2_3_4,21,RandomForest_balanced,2,3,4
multiclass_5class_0_1_2_3_4,21,RandomForest_balanced,2,4,0
multiclass_5class_0_1_2_3_4,21,RandomForest_balanced,3,0,5
multiclass_5class_0_1_2_3_4,21,RandomForest_balanced,3,1,3
multiclass_5class_0_1_2_3_4,21,RandomForest_balanced,3,2,4
multiclass_5class_0_1_2_3_4,21,RandomForest_balanced,3,3,7
multiclass_5class_0_1_2_3_4,21,RandomForest_balanced,3,4,2
multiclass_5class_0_1_2_3_4,21,RandomForest_balanced,4,0,0
multiclass_5class_0_1_2_3_4,21,RandomForest_balanced,4,1,3
multiclass_5class_0_1_2_3_4,21,RandomForest_balanced,4,2,1
multiclass_5class_0_1_2_3_4,21,RandomForest_balanced,4,3,2
multiclass_5class_0_1_2_3_4,21,RandomForest_balanced,4,4,0
multiclass_5class_0_1_2_3_4,21,ExtraTrees_balanced,0,0,60
multiclass_5class_0_1_2_3_4,21,ExtraTrees_balanced,0,1,18
multiclass_5class_0_1_2_3_4,21,ExtraTrees_balanced,0,2,1
multiclass_5class_0_1_2_3_4,21,ExtraTrees_balanced,0,3,3
multiclass_5class_0_1_2_3_4,21,ExtraTrees_balanced,0,4,0
multiclass_5class_0_1_2_3_4,21,ExtraTrees_balanced,1,0,16
multiclass_5class_0_1_2_3_4,21,ExtraTrees_balanced,1,1,26
multiclass_5class_0_1_2_3_4,21,ExtraTrees_balanced,1,2,6
multiclass_5class_0_1_2_3_4,21,ExtraTrees_balanced,1,3,5
multiclass_5class_0_1_2_3_4,21,ExtraTrees_balanced,1,4,0
multiclass_5class_0_1_2_3_4,21,ExtraTrees_balanced,2,0,1
multiclass_5class_0_1_2_3_4,21,ExtraTrees_balanced,2,1,10
multiclass_5class_0_1_2_3_4,21,ExtraTrees_balanced,2,2,7
multiclass_5class_0_1_2_3_4,21,ExtraTrees_balanced,2,3,2
multiclass_5class_0_1_2_3_4,21,ExtraTrees_balanced,2,4,2
multiclass_5class_0_1_2_3_4,21,ExtraTrees_balanced,3,0,5
multiclass_5class_0_1_2_3_4,21,ExtraTrees_balanced,3,1,3
multiclass_5class_0_1_2_3_4,21,ExtraTrees_balanced,3,2,6
multiclass_5class_0_1_2_3_4,21,ExtraTrees_balanced,3,3,5
multiclass_5class_0_1_2_3_4,21,ExtraTrees_balanced,3,4,2
multiclass_5class_0_1_2_3_4,21,ExtraTrees_balanced,4,0,0
multiclass_5class_0_1_2_3_4,21,ExtraTrees_balanced,4,1,0
multiclass_5class_0_1_2_3_4,21,ExtraTrees_balanced,4,2,2
multiclass_5class_0_1_2_3_4,21,ExtraTrees_balanced,4,3,3
multiclass_5class_0_1_2_3_4,21,ExtraTrees_balanced,4,4,1
multiclass_5class_0_1_2_3_4,21,XGBoost_fixed,0,0,69
multiclass_5class_0_1_2_3_4,21,XGBoost_fixed,0,1,11
multiclass_5class_0_1_2_3_4,21,XGBoost_fixed,0,2,0
multiclass_5class_0_1_2_3_4,21,XGBoost_fixed,0,3,1
multiclass_5class_0_1_2_3_4,21,XGBoost_fixed,0,4,1
multiclass_5class_0_1_2_3_4,21,XGBoost_fixed,1,0,24
multiclass_5class_0_1_2_3_4,21,XGBoost_fixed,1,1,24
multiclass_5class_0_1_2_3_4,21,XGBoost_fixed,1,2,4
multiclass_5class_0_1_2_3_4,21,XGBoost_fixed,1,3,1
multiclass_5class_0_1_2_3_4,21,XGBoost_fixed,1,4,0
multiclass_5class_0_1_2_3_4,21,XGBoost_fixed,2,0,1
multiclass_5class_0_1_2_3_4,21,XGBoost_fixed,2,1,14
multiclass_5class_0_1_2_3_4,21,XGBoost_fixed,2,2,3
multiclass_5class_0_1_2_3_4,21,XGBoost_fixed,2,3,4
multiclass_5class_0_1_2_3_4,21,XGBoost_fixed,2,4,0
multiclass_5class_0_1_2_3_4,21,XGBoost_fixed,3,0,6
multiclass_5class_0_1_2_3_4,21,XGBoost_fixed,3,1,5
multiclass_5class_0_1_2_3_4,21,XGBoost_fixed,3,2,3
multiclass_5class_0_1_2_3_4,21,XGBoost_fixed,3,3,5
multiclass_5class_0_1_2_3_4,21,XGBoost_fixed,3,4,2
multiclass_5class_0_1_2_3_4,21,XGBoost_fixed,4,0,0
multiclass_5class_0_1_2_3_4,21,XGBoost_fixed,4,1,5
multiclass_5class_0_1_2_3_4,21,XGBoost_fixed,4,2,0
multiclass_5class_0_1_2_3_4,21,XGBoost_fixed,4,3,1
multiclass_5class_0_1_2_3_4,21,XGBoost_fixed,4,4,0
multiclass_5class_0_1_2_3_4,21,LightGBM_fixed,0,0,66
multiclass_5class_0_1_2_3_4,21,LightGBM_fixed,0,1,10
multiclass_5class_0_1_2_3_4,21,LightGBM_fixed,0,2,2
multiclass_5class_0_1_2_3_4,21,LightGBM_fixed,0,3,3
multiclass_5class_0_1_2_3_4,21,LightGBM_fixed,0,4,1
multiclass_5class_0_1_2_3_4,21,LightGBM_fixed,1,0,20
multiclass_5class_0_1_2_3_4,21,LightGBM_fixed,1,1,25
multiclass_5class_0_1_2_3_4,21,LightGBM_fixed,1,2,5
multiclass_5class_0_1_2_3_4,21,LightGBM_fixed,1,3,3
multiclass_5class_0_1_2_3_4,21,LightGBM_fixed,1,4,0
multiclass_5class_0_1_2_3_4,21,LightGBM_fixed,2,0,1
multiclass_5class_0_1_2_3_4,21,LightGBM_fixed,2,1,14
multiclass_5class_0_1_2_3_4,21,LightGBM_fixed,2,2,4
multiclass_5class_0_1_2_3_4,21,LightGBM_fixed,2,3,3
multiclass_5class_0_1_2_3_4,21,LightGBM_fixed,2,4,0
multiclass_5class_0_1_2_3_4,21,LightGBM_fixed,3,0,5
multiclass_5class_0_1_2_3_4,21,LightGBM_fixed,3,1,6
multiclass_5class_0_1_2_3_4,21,LightGBM_fixed,3,2,4
multiclass_5class_0_1_2_3_4,21,LightGBM_fixed,3,3,3
multiclass_5class_0_1_2_3_4,21,LightGBM_fixed,3,4,3
multiclass_5class_0_1_2_3_4,21,LightGBM_fixed,4,0,0
multiclass_5class_0_1_2_3_4,21,LightGBM_fixed,4,1,3
multiclass_5class_0_1_2_3_4,21,LightGBM_fixed,4,2,0
multiclass_5class_0_1_2_3_4,21,LightGBM_fixed,4,3,3
multiclass_5class_0_1_2_3_4,21,LightGBM_fixed,4,4,0
multiclass_5class_0_1_2_3_4,84,LogisticRegression_balanced,0,0,61
multiclass_5class_0_1_2_3_4,84,LogisticRegression_balanced,0,1,15
multiclass_5class_0_1_2_3_4,84,LogisticRegression_balanced,0,2,3
multiclass_5class_0_1_2_3_4,84,LogisticRegression_balanced,0,3,1
multiclass_5class_0_1_2_3_4,84,LogisticRegression_balanced,0,4,2
multiclass_5class_0_1_2_3_4,84,LogisticRegression_balanced,1,0,11
multiclass_5class_0_1_2_3_4,84,LogisticRegression_balanced,1,1,23
multiclass_5class_0_1_2_3_4,84,LogisticRegression_balanced,1,2,9
multiclass_5class_0_1_2_3_4,84,LogisticRegression_balanced,1,3,9
multiclass_5class_0_1_2_3_4,84,LogisticRegression_balanced,1,4,1
multiclass_5class_0_1_2_3_4,84,LogisticRegression_balanced,2,0,3
multiclass_5class_0_1_2_3_4,84,LogisticRegression_balanced,2,1,2
multiclass_5class_0_1_2_3_4,84,LogisticRegression_balanced,2,2,8
multiclass_5class_0_1_2_3_4,84,LogisticRegression_balanced,2,3,3
multiclass_5class_0_1_2_3_4,84,LogisticRegression_balanced,2,4,6
multiclass_5class_0_1_2_3_4,84,LogisticRegression_balanced,3,0,3
multiclass_5class_0_1_2_3_4,84,LogisticRegression_balanced,3,1,4
multiclass_5class_0_1_2_3_4,84,LogisticRegression_balanced,3,2,3
multiclass_5class_0_1_2_3_4,84,LogisticRegression_balanced,3,3,5
multiclass_5class_0_1_2_3_4,84,LogisticRegression_balanced,3,4,6
multiclass_5class_0_1_2_3_4,84,LogisticRegression_balanced,4,0,1
multiclass_5class_0_1_2_3_4,84,LogisticRegression_balanced,4,1,0
multiclass_5class_0_1_2_3_4,84,LogisticRegression_balanced,4,2,1
multiclass_5class_0_1_2_3_4,84,LogisticRegression_balanced,4,3,1
multiclass_5class_0_1_2_3_4,84,LogisticRegression_balanced,4,4,3
multiclass_5class_0_1_2_3_4,84,RandomForest_balanced,0,0,64
multiclass_5class_0_1_2_3_4,84,RandomForest_balanced,0,1,16
multiclass_5class_0_1_2_3_4,84,RandomForest_balanced,0,2,1
multiclass_5class_0_1_2_3_4,84,RandomForest_balanced,0,3,1
multiclass_5class_0_1_2_3_4,84,RandomForest_balanced,0,4,0
multiclass_5class_0_1_2_3_4,84,RandomForest_balanced,1,0,15
multiclass_5class_0_1_2_3_4,84,RandomForest_balanced,1,1,26
multiclass_5class_0_1_2_3_4,84,RandomForest_balanced,1,2,6
multiclass_5class_0_1_2_3_4,84,RandomForest_balanced,1,3,5
multiclass_5class_0_1_2_3_4,84,RandomForest_balanced,1,4,1
multiclass_5class_0_1_2_3_4,84,RandomForest_balanced,2,0,3
multiclass_5class_0_1_2_3_4,84,RandomForest_balanced,2,1,8
multiclass_5class_0_1_2_3_4,84,RandomForest_balanced,2,2,5
multiclass_5class_0_1_2_3_4,84,RandomForest_balanced,2,3,5
multiclass_5class_0_1_2_3_4,84,RandomForest_balanced,2,4,1
multiclass_5class_0_1_2_3_4,84,RandomForest_balanced,3,0,3
multiclass_5class_0_1_2_3_4,84,RandomForest_balanced,3,1,6
multiclass_5class_0_1_2_3_4,84,RandomForest_balanced,3,2,5
multiclass_5class_0_1_2_3_4,84,RandomForest_balanced,3,3,6
multiclass_5class_0_1_2_3_4,84,RandomForest_balanced,3,4,1
multiclass_5class_0_1_2_3_4,84,RandomForest_balanced,4,0,1
multiclass_5class_0_1_2_3_4,84,RandomForest_balanced,4,1,0
multiclass_5class_0_1_2_3_4,84,RandomForest_balanced,4,2,3
multiclass_5class_0_1_2_3_4,84,RandomForest_balanced,4,3,1
multiclass_5class_0_1_2_3_4,84,RandomForest_balanced,4,4,1
multiclass_5class_0_1_2_3_4,84,ExtraTrees_balanced,0,0,65
multiclass_5class_0_1_2_3_4,84,ExtraTrees_balanced,0,1,14
multiclass_5class_0_1_2_3_4,84,ExtraTrees_balanced,0,2,2
multiclass_5class_0_1_2_3_4,84,ExtraTrees_balanced,0,3,0
multiclass_5class_0_1_2_3_4,84,ExtraTrees_balanced,0,4,1
multiclass_5class_0_1_2_3_4,84,ExtraTrees_balanced,1,0,13
multiclass_5class_0_1_2_3_4,84,ExtraTrees_balanced,1,1,21
multiclass_5class_0_1_2_3_4,84,ExtraTrees_balanced,1,2,10
multiclass_5class_0_1_2_3_4,84,ExtraTrees_balanced,1,3,7
multiclass_5class_0_1_2_3_4,84,ExtraTrees_balanced,1,4,2
multiclass_5class_0_1_2_3_4,84,ExtraTrees_balanced,2,0,3
multiclass_5class_0_1_2_3_4,84,ExtraTrees_balanced,2,1,5
multiclass_5class_0_1_2_3_4,84,ExtraTrees_balanced,2,2,6
multiclass_5class_0_1_2_3_4,84,ExtraTrees_balanced,2,3,6
multiclass_5class_0_1_2_3_4,84,ExtraTrees_balanced,2,4,2
multiclass_5class_0_1_2_3_4,84,ExtraTrees_balanced,3,0,3
multiclass_5class_0_1_2_3_4,84,ExtraTrees_balanced,3,1,7
multiclass_5class_0_1_2_3_4,84,ExtraTrees_balanced,3,2,7
multiclass_5class_0_1_2_3_4,84,ExtraTrees_balanced,3,3,3
multiclass_5class_0_1_2_3_4,84,ExtraTrees_balanced,3,4,1
multiclass_5class_0_1_2_3_4,84,ExtraTrees_balanced,4,0,1
multiclass_5class_0_1_2_3_4,84,ExtraTrees_balanced,4,1,0
multiclass_5class_0_1_2_3_4,84,ExtraTrees_balanced,4,2,3
multiclass_5class_0_1_2_3_4,84,ExtraTrees_balanced,4,3,1
multiclass_5class_0_1_2_3_4,84,ExtraTrees_balanced,4,4,1
multiclass_5class_0_1_2_3_4,84,XGBoost_fixed,0,0,66
multiclass_5class_0_1_2_3_4,84,XGBoost_fixed,0,1,14
multiclass_5class_0_1_2_3_4,84,XGBoost_fixed,0,2,1
multiclass_5class_0_1_2_3_4,84,XGBoost_fixed,0,3,1
multiclass_5class_0_1_2_3_4,84,XGBoost_fixed,0,4,0
multiclass_5class_0_1_2_3_4,84,XGBoost_fixed,1,0,15
multiclass_5class_0_1_2_3_4,84,XGBoost_fixed,1,1,29
multiclass_5class_0_1_2_3_4,84,XGBoost_fixed,1,2,7
multiclass_5class_0_1_2_3_4,84,XGBoost_fixed,1,3,2
multiclass_5class_0_1_2_3_4,84,XGBoost_fixed,1,4,0
multiclass_5class_0_1_2_3_4,84,XGBoost_fixed,2,0,2
multiclass_5class_0_1_2_3_4,84,XGBoost_fixed,2,1,10
multiclass_5class_0_1_2_3_4,84,XGBoost_fixed,2,2,5
multiclass_5class_0_1_2_3_4,84,XGBoost_fixed,2,3,4
multiclass_5class_0_1_2_3_4,84,XGBoost_fixed,2,4,1
multiclass_5class_0_1_2_3_4,84,XGBoost_fixed,3,0,3
multiclass_5class_0_1_2_3_4,84,XGBoost_fixed,3,1,7
multiclass_5class_0_1_2_3_4,84,XGBoost_fixed,3,2,2
multiclass_5class_0_1_2_3_4,84,XGBoost_fixed,3,3,7
multiclass_5class_0_1_2_3_4,84,XGBoost_fixed,3,4,2
multiclass_5class_0_1_2_3_4,84,XGBoost_fixed,4,0,1
multiclass_5class_0_1_2_3_4,84,XGBoost_fixed,4,1,1
multiclass_5class_0_1_2_3_4,84,XGBoost_fixed,4,2,0
multiclass_5class_0_1_2_3_4,84,XGBoost_fixed,4,3,3
multiclass_5class_0_1_2_3_4,84,XGBoost_fixed,4,4,1
multiclass_5class_0_1_2_3_4,84,LightGBM_fixed,0,0,64
multiclass_5class_0_1_2_3_4,84,LightGBM_fixed,0,1,14
multiclass_5class_0_1_2_3_4,84,LightGBM_fixed,0,2,2
multiclass_5class_0_1_2_3_4,84,LightGBM_fixed,0,3,2
multiclass_5class_0_1_2_3_4,84,LightGBM_fixed,0,4,0
multiclass_5class_0_1_2_3_4,84,LightGBM_fixed,1,0,13
multiclass_5class_0_1_2_3_4,84,LightGBM_fixed,1,1,29
multiclass_5class_0_1_2_3_4,84,LightGBM_fixed,1,2,7
multiclass_5class_0_1_2_3_4,84,LightGBM_fixed,1,3,3
multiclass_5class_0_1_2_3_4,84,LightGBM_fixed,1,4,1
multiclass_5class_0_1_2_3_4,84,LightGBM_fixed,2,0,2
multiclass_5class_0_1_2_3_4,84,LightGBM_fixed,2,1,9
multiclass_5class_0_1_2_3_4,84,LightGBM_fixed,2,2,3
multiclass_5class_0_1_2_3_4,84,LightGBM_fixed,2,3,5
multiclass_5class_0_1_2_3_4,84,LightGBM_fixed,2,4,3
multiclass_5class_0_1_2_3_4,84,LightGBM_fixed,3,0,3
multiclass_5class_0_1_2_3_4,84,LightGBM_fixed,3,1,7
multiclass_5class_0_1_2_3_4,84,LightGBM_fixed,3,2,2
multiclass_5class_0_1_2_3_4,84,LightGBM_fixed,3,3,7
multiclass_5class_0_1_2_3_4,84,LightGBM_fixed,3,4,2
multiclass_5class_0_1_2_3_4,84,LightGBM_fixed,4,0,0
multiclass_5class_0_1_2_3_4,84,LightGBM_fixed,4,1,2
multiclass_5class_0_1_2_3_4,84,LightGBM_fixed,4,2,0
multiclass_5class_0_1_2_3_4,84,LightGBM_fixed,4,3,3
multiclass_5class_0_1_2_3_4,84,LightGBM_fixed,4,4,1
multiclass_5class_0_1_2_3_4,123,LogisticRegression_balanced,0,0,65
multiclass_5class_0_1_2_3_4,123,LogisticRegression_balanced,0,1,8
multiclass_5class_0_1_2_3_4,123,LogisticRegression_balanced,0,2,7
multiclass_5class_0_1_2_3_4,123,LogisticRegression_balanced,0,3,1
multiclass_5class_0_1_2_3_4,123,LogisticRegression_balanced,0,4,1
multiclass_5class_0_1_2_3_4,123,LogisticRegression_balanced,1,0,9
multiclass_5class_0_1_2_3_4,123,LogisticRegression_balanced,1,1,25
multiclass_5class_0_1_2_3_4,123,LogisticRegression_balanced,1,2,9
multiclass_5class_0_1_2_3_4,123,LogisticRegression_balanced,1,3,5
multiclass_5class_0_1_2_3_4,123,LogisticRegression_balanced,1,4,5
multiclass_5class_0_1_2_3_4,123,LogisticRegression_balanced,2,0,1
multiclass_5class_0_1_2_3_4,123,LogisticRegression_balanced,2,1,5
multiclass_5class_0_1_2_3_4,123,LogisticRegression_balanced,2,2,4
multiclass_5class_0_1_2_3_4,123,LogisticRegression_balanced,2,3,5
multiclass_5class_0_1_2_3_4,123,LogisticRegression_balanced,2,4,7
multiclass_5class_0_1_2_3_4,123,LogisticRegression_balanced,3,0,2
multiclass_5class_0_1_2_3_4,123,LogisticRegression_balanced,3,1,4
multiclass_5class_0_1_2_3_4,123,LogisticRegression_balanced,3,2,6
multiclass_5class_0_1_2_3_4,123,LogisticRegression_balanced,3,3,7
multiclass_5class_0_1_2_3_4,123,LogisticRegression_balanced,3,4,2
multiclass_5class_0_1_2_3_4,123,LogisticRegression_balanced,4,0,0
multiclass_5class_0_1_2_3_4,123,LogisticRegression_balanced,4,1,2
multiclass_5class_0_1_2_3_4,123,LogisticRegression_balanced,4,2,0
multiclass_5class_0_1_2_3_4,123,LogisticRegression_balanced,4,3,1
multiclass_5class_0_1_2_3_4,123,LogisticRegression_balanced,4,4,3
multiclass_5class_0_1_2_3_4,123,RandomForest_balanced,0,0,70
multiclass_5class_0_1_2_3_4,123,RandomForest_balanced,0,1,9
multiclass_5class_0_1_2_3_4,123,RandomForest_balanced,0,2,1
multiclass_5class_0_1_2_3_4,123,RandomForest_balanced,0,3,2
multiclass_5class_0_1_2_3_4,123,RandomForest_balanced,0,4,0
multiclass_5class_0_1_2_3_4,123,RandomForest_balanced,1,0,11
multiclass_5class_0_1_2_3_4,123,RandomForest_balanced,1,1,33
multiclass_5class_0_1_2_3_4,123,RandomForest_balanced,1,2,4
multiclass_5class_0_1_2_3_4,123,RandomForest_balanced,1,3,5
multiclass_5class_0_1_2_3_4,123,RandomForest_balanced,1,4,0
multiclass_5class_0_1_2_3_4,123,RandomForest_balanced,2,0,2
multiclass_5class_0_1_2_3_4,123,RandomForest_balanced,2,1,8
multiclass_5class_0_1_2_3_4,123,RandomForest_balanced,2,2,4
multiclass_5class_0_1_2_3_4,123,RandomForest_balanced,2,3,6
multiclass_5class_0_1_2_3_4,123,RandomForest_balanced,2,4,2
multiclass_5class_0_1_2_3_4,123,RandomForest_balanced,3,0,0
multiclass_5class_0_1_2_3_4,123,RandomForest_balanced,3,1,8
multiclass_5class_0_1_2_3_4,123,RandomForest_balanced,3,2,6
multiclass_5class_0_1_2_3_4,123,RandomForest_balanced,3,3,6
multiclass_5class_0_1_2_3_4,123,RandomForest_balanced,3,4,1
multiclass_5class_0_1_2_3_4,123,RandomForest_balanced,4,0,0
multiclass_5class_0_1_2_3_4,123,RandomForest_balanced,4,1,3
multiclass_5class_0_1_2_3_4,123,RandomForest_balanced,4,2,1
multiclass_5class_0_1_2_3_4,123,RandomForest_balanced,4,3,2
multiclass_5class_0_1_2_3_4,123,RandomForest_balanced,4,4,0
multiclass_5class_0_1_2_3_4,123,ExtraTrees_balanced,0,0,69
multiclass_5class_0_1_2_3_4,123,ExtraTrees_balanced,0,1,9
multiclass_5class_0_1_2_3_4,123,ExtraTrees_balanced,0,2,2
multiclass_5class_0_1_2_3_4,123,ExtraTrees_balanced,0,3,1
multiclass_5class_0_1_2_3_4,123,ExtraTrees_balanced,0,4,1
multiclass_5class_0_1_2_3_4,123,ExtraTrees_balanced,1,0,11
multiclass_5class_0_1_2_3_4,123,ExtraTrees_balanced,1,1,25
multiclass_5class_0_1_2_3_4,123,ExtraTrees_balanced,1,2,9
multiclass_5class_0_1_2_3_4,123,ExtraTrees_balanced,1,3,7
multiclass_5class_0_1_2_3_4,123,ExtraTrees_balanced,1,4,1
multiclass_5class_0_1_2_3_4,123,ExtraTrees_balanced,2,0,1
multiclass_5class_0_1_2_3_4,123,ExtraTrees_balanced,2,1,4
multiclass_5class_0_1_2_3_4,123,ExtraTrees_balanced,2,2,6
multiclass_5class_0_1_2_3_4,123,ExtraTrees_balanced,2,3,6
multiclass_5class_0_1_2_3_4,123,ExtraTrees_balanced,2,4,5
multiclass_5class_0_1_2_3_4,123,ExtraTrees_balanced,3,0,1
multiclass_5class_0_1_2_3_4,123,ExtraTrees_balanced,3,1,6
multiclass_5class_0_1_2_3_4,123,ExtraTrees_balanced,3,2,9
multiclass_5class_0_1_2_3_4,123,ExtraTrees_balanced,3,3,3
multiclass_5class_0_1_2_3_4,123,ExtraTrees_balanced,3,4,2
multiclass_5class_0_1_2_3_4,123,ExtraTrees_balanced,4,0,1
multiclass_5class_0_1_2_3_4,123,ExtraTrees_balanced,4,1,2
multiclass_5class_0_1_2_3_4,123,ExtraTrees_balanced,4,2,2
multiclass_5class_0_1_2_3_4,123,ExtraTrees_balanced,4,3,1
multiclass_5class_0_1_2_3_4,123,ExtraTrees_balanced,4,4,0
multiclass_5class_0_1_2_3_4,123,XGBoost_fixed,0,0,72
multiclass_5class_0_1_2_3_4,123,XGBoost_fixed,0,1,8
multiclass_5class_0_1_2_3_4,123,XGBoost_fixed,0,2,1
multiclass_5class_0_1_2_3_4,123,XGBoost_fixed,0,3,1
multiclass_5class_0_1_2_3_4,123,XGBoost_fixed,0,4,0
multiclass_5class_0_1_2_3_4,123,XGBoost_fixed,1,0,12
multiclass_5class_0_1_2_3_4,123,XGBoost_fixed,1,1,31
multiclass_5class_0_1_2_3_4,123,XGBoost_fixed,1,2,4
multiclass_5class_0_1_2_3_4,123,XGBoost_fixed,1,3,6
multiclass_5class_0_1_2_3_4,123,XGBoost_fixed,1,4,0
multiclass_5class_0_1_2_3_4,123,XGBoost_fixed,2,0,3
multiclass_5class_0_1_2_3_4,123,XGBoost_fixed,2,1,10
multiclass_5class_0_1_2_3_4,123,XGBoost_fixed,2,2,5
multiclass_5class_0_1_2_3_4,123,XGBoost_fixed,2,3,3
multiclass_5class_0_1_2_3_4,123,XGBoost_fixed,2,4,1
multiclass_5class_0_1_2_3_4,123,XGBoost_fixed,3,0,3
multiclass_5class_0_1_2_3_4,123,XGBoost_fixed,3,1,10
multiclass_5class_0_1_2_3_4,123,XGBoost_fixed,3,2,3
multiclass_5class_0_1_2_3_4,123,XGBoost_fixed,3,3,5
multiclass_5class_0_1_2_3_4,123,XGBoost_fixed,3,4,0
multiclass_5class_0_1_2_3_4,123,XGBoost_fixed,4,0,1
multiclass_5class_0_1_2_3_4,123,XGBoost_fixed,4,1,4
multiclass_5class_0_1_2_3_4,123,XGBoost_fixed,4,2,0
multiclass_5class_0_1_2_3_4,123,XGBoost_fixed,4,3,1
multiclass_5class_0_1_2_3_4,123,XGBoost_fixed,4,4,0
multiclass_5class_0_1_2_3_4,123,LightGBM_fixed,0,0,66
multiclass_5class_0_1_2_3_4,123,LightGBM_fixed,0,1,12
multiclass_5class_0_1_2_3_4,123,LightGBM_fixed,0,2,3
multiclass_5class_0_1_2_3_4,123,LightGBM_fixed,0,3,1
multiclass_5class_0_1_2_3_4,123,LightGBM_fixed,0,4,0
multiclass_5class_0_1_2_3_4,123,LightGBM_fixed,1,0,11
multiclass_5class_0_1_2_3_4,123,LightGBM_fixed,1,1,30
multiclass_5class_0_1_2_3_4,123,LightGBM_fixed,1,2,8
multiclass_5class_0_1_2_3_4,123,LightGBM_fixed,1,3,4
multiclass_5class_0_1_2_3_4,123,LightGBM_fixed,1,4,0
multiclass_5class_0_1_2_3_4,123,LightGBM_fixed,2,0,0
multiclass_5class_0_1_2_3_4,123,LightGBM_fixed,2,1,9
multiclass_5class_0_1_2_3_4,123,LightGBM_fixed,2,2,9
multiclass_5class_0_1_2_3_4,123,LightGBM_fixed,2,3,3
multiclass_5class_0_1_2_3_4,123,LightGBM_fixed,2,4,1
multiclass_5class_0_1_2_3_4,123,LightGBM_fixed,3,0,1
multiclass_5class_0_1_2_3_4,123,LightGBM_fixed,3,1,10
multiclass_5class_0_1_2_3_4,123,LightGBM_fixed,3,2,4
multiclass_5class_0_1_2_3_4,123,LightGBM_fixed,3,3,6
multiclass_5class_0_1_2_3_4,123,LightGBM_fixed,3,4,0
multiclass_5class_0_1_2_3_4,123,LightGBM_fixed,4,0,0
multiclass_5class_0_1_2_3_4,123,LightGBM_fixed,4,1,3
multiclass_5class_0_1_2_3_4,123,LightGBM_fixed,4,2,2
multiclass_5class_0_1_2_3_4,123,LightGBM_fixed,4,3,1
multiclass_5class_0_1_2_3_4,123,LightGBM_fixed,4,4,0
